id;nisha;domain;kod_stop_faktora;prichina_otseva
N003;Оборудование для кофеен (проф. кофемашины, кофемолки);B2B_EQUIP;RF-9;Авторизация дилера и сервис решают больше, чем упаковка — преимущество не наше
N005;Оборудование для бьюти (кресла, вытяжки, лампы, мойки);B2B_EQUIP;RF-6;Массовый китайский импорт на МП, ценовая конкуренция в лоб
N008;Оборудование для моек самообслуживания;B2B_EQUIP;CYCLE;Проектная продажа с длинным циклом — тест за 2 недели невозможен
N009;Прачечное оборудование (промышленные стиралки, сушки);B2B_EQUIP;CYCLE;Тендеры и длинный цикл, покупатель institucional
N010;Оборудование для пищевого производства (тестомесы, куттеры);B2B_EQUIP;RF-2;Санитарные требования и сертификация пищевого оборудования
N013;Металлообрабатывающие станки и ЧПУ;B2B_EQUIP;CAPITAL;Пусконаладка, вес, цикл сделки месяцами, требуется капитал
N018;Сварочные расходники (электроды, проволока, газ);PRODUCTION;RF-10;Низкий чек при большом весе — экономика требует склада
N019;Абразивы и расходка для металлообработки;PRODUCTION;RF-10;Склад ассортимента обязателен, маржа дистрибьютора минимальна
N020;Промышленный крепеж и метизы;PRODUCTION;RF-10;Крепёж — классический складской бизнес с низкой маржой
N025;Отопительные котлы и радиаторы;ENGINEERING;RF-2;Газовое оборудование: допуски, монтаж лицензированной организацией
N026;Теплый пол и терморегуляторы;ENGINEERING;RF-6;Комплект стандартизирован, на МП дешевле и удобнее
N031;Кондиционеры и сплит-системы;ENGINEERING;YF-2+RF-3;Монтаж обязателен, окно 3 месяца, демпинг монтажников
N032;Тепловые насосы;ENGINEERING;DEMAND;Узкий спрос, длинный цикл, нельзя протестировать дёшево
N033;Утеплители и изоляция;CONSTRUCTION;RF-10;Огромный объём при низкой цене — чистый складской товар
N034;Кровельные материалы и комплектующие;CONSTRUCTION;LOCAL;Резка под размер и сильные локальные игроки с площадками
N035;Фасадные системы и сайдинг;CONSTRUCTION;LOCAL;То же: габарит, локальные базы, ценовая конкуренция
N042;Дачная инфраструктура (душ, туалет, емкости для воды);GARDEN_FARM;RF-10;Объём при низкой цене, маржа не покрывает логистику
N043;Емкости и резервуары пластиковые (еврокубы, баки);GARDEN_FARM;RF-10;Ёмкости — воздух в кузове, экономика требует своего транспорта
N044;Строительный инструмент профессиональный;CONSTRUCTION;RF-6;Прямая ценовая война с МП и сетями, бренды диктуют цену
N045;Аренда строительного инструмента;CONSTRUCTION;SERVICE;Это услуга, требует парка инструмента — не товарная модель
N046;Опалубка и оснастка для бетонных работ;CONSTRUCTION;ASSET;Нужен парк оснастки, аренда = замороженный капитал
N047;Строительные леса и вышки-туры;CONSTRUCTION;ASSET;То же: парк, вес, хранение
N048;Такелаж, стропы, грузоподъемное оснащение;LOGISTICS_PACK;RF-2;Испытания строп и ответственность за грузоподъёмность
N049;Электрощитовое оборудование и автоматика;ENGINEERING;RF-2;Электробезопасность, ответственность за сборку щита
N051;Мебельная фурнитура (петли, направляющие, механизмы);FURNITURE;RF-10;Фурнитура — склад из сотен SKU при низком чеке
N056;Офисная мебель новая и б/у;FURNITURE;YF-4;Демпинг б/у, вывоз и хранение обязательны
N058;Матрасы и основания;FURNITURE;RF-6;Матрасы стандартизированы, МП и бренды дешевле, возвраты
N061;Автозапчасти под заказ по VIN;AUTO;RF-1;МАРКИРОВКА автозапчастей: вышли проекты постановлений (S10). Ломает агентскую модель и работу под заказ
N062;Автохимия и расходники ТО;AUTO;RF-6;Автохимия — витрина сетей и МП, чек низкий
N063;Тюнинг и обвесы;AUTO;DEMAND;Импульсно-статусный спрос, режется первым при экономии (S5,S7)
N065;Шины и диски;AUTO;RF-6;Жёсткая ценовая война, склад под сезон обязателен
N066;Автоэлектроника (регистраторы, сигнализации);AUTO;RF-6;Стандартный компактный товар, на МП дешевле
N068;Оборудование для гаража (домкраты, стойки, верстаки);AUTO;RF-6;Большинство позиций есть на МП дешевле, чек средний
N072;Газонокосилки, триммеры и расходка;GARDEN_FARM;RF-6;МП и сети сильны, гарантия на наших плечах
N073;Мотопомпы и системы полива;GARDEN_FARM;RF-6;Компактно, есть на МП, окно 3 месяца
N074;Дровоколы, бензопилы, садовый бензоинструмент;GARDEN_FARM;RF-9;Бренды и сервис решают, гарантийные обращения регулярны
N076;Оборудование для птицеводства (инкубаторы, брудеры);GARDEN_FARM;DEMAND;Низкий чек при жёстком окне февраль-май, рынок узкий
N078;Клетки, вольеры, кормушки для животных;PETS;RF-6;Мелочёвка проигрывает МП по цене и доставке
N080;Аквариумы и оборудование;PETS;LOGISTICS;Хрупкость, бой при доставке, узкий сегмент
N082;Ветеринарное оборудование и препараты;PETS;RF-4;Ветпрепараты и медизделия — лицензирование оборота
N085;Комплектующие для снегоходов и квадроциклов;SPORT_HOBBY;APPLIC;Ошибка применимости дорога, нужна база совместимости, окно сезонное
N086;Тренажеры для дома и залов;SPORT_HOBBY;YF-4;Вес, подъём на этаж, сильный демпинг б/у
N090;Оборудование и сырье для мыловарения, свечей, эпоксидки;PRODUCTION;RF-6;Сырьё для хобби — МП доминирует, чек низкий
N091;Звуковое и световое оборудование для мероприятий;SPORT_HOBBY;COMPLEX;Сложный технический подбор + конкуренция прокатных компаний
N092;Оборудование для фотостудий;SPORT_HOBBY;DEMAND;Узкий рынок, мелочь уходит на МП
N093;Event-оборудование (шатры, мебель для мероприятий);SPORT_HOBBY;ASSET;Сезон, износ, требуется хранение парка
N095;Вендинговые аппараты;TRADE_EQUIP;LEGAL;Продажа сопровождается обещанием доходности — юридический и репутационный риск
N096;Оборудование для детских площадок;CONSTRUCTION;RF-2;Обязательные ГОСТ и сертификация детского игрового оборудования
N098;Мини-погрузчики и навесное;LOGISTICS_PACK;CAPITAL;Чек от 300 тыс, длинный цикл, сервис — не для стартового капитала
N100;Упаковка и расходники для бизнеса (гофра, стрейч, скотч);LOGISTICS_PACK;RF-10;Гофра и стрейч — объём при копеечной марже, нужен склад
