id;domain;nisha;tip_klienta;chek;opisanie;status;kod;prichina;score;yf;test_no_stock;mp_shield;margin_rub;check;weak_field;demand_stab;repeat;speed;logistics;supplier_ru;kommentariy
E01;PRODUCTION;Маркировочное оборудование (принтеры этикеток, термотрансфер);B2B;30-150 тыс;Расширение Честного знака на новые группы делает маркировку обязательной (S10);ПРОШЛА;;;7.42;;9;7;6;6;6;9;10;7;7;7;Единственная новая ниша с регуляторным драйвером: маркировка обязательна по закону. Риббоны и этикетки дают максимальный повтор
E02;PRODUCTION;3D-печать: принтеры и расходка;B2B/хобби;20-120 тыс;Микропроизводства прототипов и мелких серий;ПРОШЛА;;;5.9;;9;4;4;4;4;5;9;8;8;7;Принтеры массово представлены на МП, выигрыш только в расходке и поддержке
E03;PRODUCTION;Оборудование для порошковой окраски (камеры, пистолеты, печи);B2B;80-500 тыс;Оснащение малых покрасочных участков;ПРОШЛА;;;7.61;;9;10;8;8;8;5;7;5;3;6;Габарит и подбор под изделие, МП не обслуживает. Краска даёт повтор
E04;PRODUCTION;Оборудование для производства бетонных изделий (вибростолы, формы);B2B;40-300 тыс;Малые производства тротуарной плитки, блоков, ЖБИ;ПРОШЛА;;;6.41;YF-2;9;9;6;6;7;5;7;5;3;7;Формы расходуются и дают повтор, но спрос завязан на сезон стройки
E05;PRODUCTION;Заточное оборудование и расходка;B2B;20-120 тыс;Заточка инструмента для мастерских и производств;ПРОШЛА;;;6.55;;9;6;4;4;7;7;9;7;7;6;Абразивы и круги дают высокий повтор, но чек невысок
E06;PRODUCTION;Паяльные и монтажные станции для электроники;B2B;15-90 тыс;Ремонтные мастерские и мелкосерийная сборка;ПРОШЛА;;;5.81;;9;4;4;4;5;5;7;8;8;6;Компактный товар, широко представлен на МП
E07;PRODUCTION;Аспирация и пылеудаление для цехов;B2B;60-400 тыс;Требование охраны труда для деревообработки и металлообработки;ПРОШЛА;;;7.72;;9;10;8;8;8;7;5;5;3;7;Габарит, расчёт под цех, нормативная обязательность. МП не обслуживает
E08;PRODUCTION;Вакуумная формовка и малое литьё полимеров;B2B;50-350 тыс;Мелкосерийное производство изделий и упаковки;ПРОШЛА;;;7.01;;9;9;6;6;8;5;7;5;5;5;Узкий сегмент, но поле почти пустое
E09;LOGISTICS_PACK;Оборотная пластиковая тара и ящики;B2B;3-40 тыс;Тара для производств и логистики;ОТСЕЯНА;RF-10;Объём при низкой цене: тара - это воздух в кузове. Экономика держится на складе и обороте;;;;;;;;;;;;;
E10;LOGISTICS_PACK;Паллеты и поддоны;B2B;5-50 тыс;Деревянные и пластиковые поддоны;ОТСЕЯНА;RF-10;То же основание: низкая маржа при большом объёме, требуется склад и свой транспорт;;;;;;;;;;;;;
E11;LOGISTICS_PACK;Весовое оборудование (платформенные и паллетные весы);B2B;25-200 тыс;Взвешивание на складах и производствах;ПРОШЛА;;;6.92;;9;8;6;6;6;7;5;7;5;7;Габарит платформенных весов, подбор по нагрузке. Поверка на стороне владельца, не продавца
E12;LOGISTICS_PACK;Терминалы сбора данных и складское оборудование маркировки;B2B;30-180 тыс;ТСД, сканеры, принтеры для работы с маркировкой на складе;ПРОШЛА;;;6.96;;9;6;6;6;5;9;7;7;8;6;Тот же регуляторный драйвер, что у E01. Но товар компактный - МП ближе
E13;LOGISTICS_PACK;Погрузочная оснастка: рампы, уравнительные платформы, докшелтеры;B2B;150-800 тыс;Оборудование зоны погрузки склада;ПРОШЛА;;;7.23;YF-3;9;10;10;10;8;5;3;3;3;6;Очень высокий чек и полная защищённость от МП, но монтаж обязателен и цикл длинный
E14;LOGISTICS_PACK;Средства крепления груза (ремни, распорки, сетки);B2B;3-30 тыс;Крепление грузов в транспорте;ПРОШЛА;;;6.35;;9;5;4;4;5;7;9;8;8;7;Расходуемая позиция с высоким повтором, но чек низкий и МП рядом
E15;LOGISTICS_PACK;Сборные холодильные камеры для склада;B2B;150-900 тыс;Холодильные и морозильные камеры под размер помещения;ПРОШЛА;;;7.43;YF-3;9;10;10;10;7;7;3;5;3;6;Расчёт под помещение, очень высокий чек, вынужденный спрос при поломке. Монтаж обязателен
E16;LOGISTICS_PACK;Тентовые ангары и модульные складские конструкции;B2B;300 тыс - 2 млн;Быстровозводимые склады и навесы;ПРОШЛА;;;6.81;YF-2,YF-3;10;10;10;10;7;5;3;3;3;6;Чистый под заказ и максимальный чек, но сезон монтажа и очень длинный цикл
E17;TRADE_EQUIP;Кассовое оборудование и оснащение;B2B;15-80 тыс;Онлайн-кассы, денежные ящики, сканеры для розницы;ПРОШЛА;;;6.11;;9;4;4;4;4;9;7;8;8;6;Обязательность по 54-ФЗ и замена фискального накопителя раз в 13-36 месяцев дают повтор. Но товар компактный и есть на МП
E18;TRADE_EQUIP;Оборудование для пунктов выдачи заказов;B2B;40-250 тыс;Стеллажи, стойки, примерочные для ПВЗ. Драйвер тот же, что у финалистов: рост числа заказов в e-commerce на 20% (S9);ПРОШЛА;;;8.1;;10;9;8;8;7;9;5;7;5;8;Габарит, комплект под помещение, растущий сегмент. Открытие ПВЗ идёт постоянно
E19;TRADE_EQUIP;Торговое оборудование для аптек;B2B;50-300 тыс;Аптечная мебель и витрины с учётом требований к хранению;ПРОШЛА;;;7.18;;9;9;8;8;7;5;3;5;5;6;Габарит и расчёт под помещение, узкий но платёжеспособный сегмент
E20;TRADE_EQUIP;Оборудование для магазинов разливных напитков;B2B;60-350 тыс;Охлаждение, розлив, кеговое оборудование;ПРОШЛА;;;7.06;;9;9;6;6;8;5;7;5;5;6;Кеги и расходка дают повтор, поле узкое. Лицензия на стороне клиента, не продавца
E21;TRADE_EQUIP;Защищённые витрины для ювелирных и оптик;B2B;80-400 тыс;Витрины со стеклом и защитой для дорогого товара;ПРОШЛА;;;7.33;;9;10;8;8;8;5;3;5;3;6;Габарит, хрупкость, изготовление под интерьер. Узкий сегмент с высоким чеком
E22;TRADE_EQUIP;Оборудование для рынков и ярмарок (палатки, прилавки);B2C/B2B;10-60 тыс;Сезонная торговля на открытом воздухе;ПРОШЛА;;;5.57;YF-2;9;7;4;4;6;5;5;7;5;7;Сезонное окно и невысокий чек
E23;TRADE_EQUIP;Противокражные системы (ворота, датчики, этикетки);B2B;60-300 тыс;Защита торгового зала от краж;ПРОШЛА;;;7.06;YF-3;9;9;8;8;7;5;7;5;7;6;Датчики и этикетки дают повтор, но монтаж и настройка обязательны
E24;TRADE_EQUIP;Комплексное оснащение магазина под ключ;B2B;200 тыс - 1 млн;Полное оснащение торговой точки;ОТСЕЯНА;DUPLICATE;Это не отдельное направление, а способ продажи уже существующей N001 Торговое оборудование, прошедшей фильтр;;;;;;;;;;;;;
E25;TRADE_EQUIP;Рекламно-информационное оборудование для торговли;B2B;20-150 тыс;Световые короба, digital-панели, навигация в зале;ПРОШЛА;;;6.47;;9;7;6;6;5;5;5;7;5;7;Средняя защищённость от МП, спрос отложенный
E26;ENERGY;Солнечные панели и автономные системы для дома;B2C;60-400 тыс;Автономное энергоснабжение дачи и частного дома;ПРОШЛА;;;6.92;;9;7;8;8;6;5;5;5;5;6;Высокий чек и расчёт под потребление, но спрос отложенный - можно жить без этого
E27;ENERGY;Накопители энергии LiFePO4 для дома и дачи;B2C/B2B;50-300 тыс;Аккумуляторные сборки для резервного питания;ПРОШЛА;;;6.82;;9;6;8;8;6;5;5;7;5;5;Растущий сегмент, но товар всё чаще появляется на МП
E28;ENERGY;Зарядные станции для электротранспорта;B2B;80-500 тыс;Оснащение парковок, отелей, автопарков;ПРОШЛА;;;7.13;;9;9;8;8;8;5;3;3;5;5;Поле почти пустое и чек высокий, но рынок узкий и цикл длинный
E29;ENERGY;Тепловое электрооборудование (ИК-панели, конвекторы);B2C;3-25 тыс;Электрообогрев помещений;ОТСЕЯНА;RF-6;Компактный стандартизированный товар с артикулом: прямое сравнение по цене на МП;;;;;;;;;;;;;
E30;ENERGY;Кабельная продукция и кабеленесущие системы;B2B;10-150 тыс;Кабель, лотки, гофра для электромонтажа;ОТСЕЯНА;RF-10;Объём при низкой марже, требуется склад и резка под метраж;;;;;;;;;;;;;
E31;ENERGY;Молниезащита и заземление (комплекты);B2C/B2B;25-150 тыс;Комплекты защиты для частных домов и объектов;ПРОШЛА;;;7.03;;9;9;6;6;8;7;3;5;5;7;Нормативная обязательность для объектов, расчёт комплекта под здание. Поле слабое
E32;ENERGY;Трансформаторные подстанции малой мощности;B2B;400 тыс - 3 млн;КТП для объектов и посёлков;ПРОШЛА;;;7.23;YF-3;9;10;10;10;8;5;3;3;3;6;Максимальный чек проекта, но это проектная продажа с очень длинным циклом
E33;ENERGY;Фитосветильники и освещение для растениеводства;B2B/B2C;10-100 тыс;Досветка для теплиц, ситифермерства, домашних гроверов;ПРОШЛА;;;6.32;;9;5;6;6;6;5;5;7;7;6;Растущий сегмент, но товар компактный и активно представлен на МП
E34;ENERGY;Взрывозащищённое промышленное электрооборудование;B2B;50-500 тыс;Оборудование для опасных производственных объектов;ОТСЕЯНА;RF-2;Сертификация Ex и персональная ответственность за соответствие. Цена ошибки несоразмерна марже теста;;;;;;;;;;;;;
E35;ENERGY;Приборы учёта и энергоаудита (счётчики, тепловизоры);B2B;15-120 тыс;Учёт энергоресурсов и обследование объектов;ПРОШЛА;;;5.97;;9;5;4;4;5;7;5;7;8;6;Компактный товар, МП рядом. Спрос поддерживается требованиями учёта
