id;kategoriya;tovar;pokupatel;cena_rynka_orientir;perekup;no_install;capital;marzha;speed;logistics;on_order;visual;repeat;RAW;PRODUCT_FIT;status;flagi;prichina;zametka
I02;TOOLS;Фрезы по дереву профильные, наборы;Столяр, цех;1500-9000;10;10;9;6;8;10;8;7;8;8.7;8.7;ПРОШЁЛ;;;Расходник, высокий повтор
I03;TOOLS;Пильные диски по ЛДСП и алюминию;Цех, мастерская;800-4000;10;10;10;4;9;10;8;5;9;8.6;8.6;ПРОШЁЛ;;;
P08;PACKAGING;Наклейки и стикеры для маркировки заказов;Интернет-магазин, ПВЗ;500-4000;10;10;10;3;9;10;8;7;10;8.6;8.6;ПРОШЁЛ;;;
Z01;PETS;Груминг-инструмент: ножницы, машинки, насадки;Груминг-салон, заводчик;2000-18000;10;10;9;5;8;10;8;8;8;8.6;8.6;ПРОШЁЛ;;;База измерена: 2800+ салонов, расходка даёт повтор
K07;CRAFT;Инструмент для кожевенного ремесла;Мастер, хоббист;1500-15000;10;10;9;5;8;10;8;9;7;8.6;8.6;ПРОШЁЛ;;;Узкий профильный спрос, МП обслуживает слабо
C12;CONSUM_PRO;Ножи и лезвия промышленные сменные;Производство, мастерская;500-4000;10;10;10;3;9;10;8;4;10;8.45;8.45;ПРОШЁЛ;;;
C15;CONSUM_PRO;Термопрокладки и расходка для термопрессов;Мастерская печати;600-3500;10;10;10;3;9;10;8;4;10;8.45;8.45;ПРОШЁЛ;;;
W09;WAREHOUSE;Ремни стяжные и крепления груза (без строп);Перевозчик, склад;400-3000;10;10;10;3;9;10;8;5;9;8.45;8.45;ПРОШЁЛ;;;
R12;B2B_CONSUM;Расходка для сварочных постов: маски, стёкла, краги;Цех, сварщик;500-5000;10;10;10;3;9;10;8;4;10;8.45;8.45;ПРОШЁЛ;;;
X05;REPLACEMENT;Запчасти для доильных аппаратов: пульсаторы, коллекторы;ЛПХ, малое КФХ;1500-9000;10;9;10;5;8;10;8;4;9;8.45;8.45;ПРОШЁЛ;;;
C01;CONSUM_PRO;Термотрансферные риббоны для принтеров этикеток;Склад, производство, розница;400-2500;10;10;10;3;9;10;8;3;10;8.4;8.4;ПРОШЁЛ;;;Обязательная маркировка Честный знак создаёт вынужденный спрос
C02;CONSUM_PRO;Этикетки самоклеящиеся в рулонах, термо и термотрансфер;Тот же;300-2000;10;10;10;3;9;10;8;3;10;8.4;8.4;ПРОШЁЛ;;;
C05;CONSUM_PRO;Абразивы: круги, ленты, диски для промышленной заточки;Мастерская, производство;800-6000;10;10;9;4;9;10;8;3;10;8.4;8.4;ПРОШЁЛ;;;
S03;SPORT;Инвентарь для единоборств: лапы, перчатки, защита;Клуб, спортсмен;1500-12000;10;10;9;5;8;8;8;9;7;8.4;8.4;ПРОШЁЛ;;;Расходуется и обновляется, клубы закупают партиями
X03;REPLACEMENT;Ремкомплекты для гидравлики: сальники, манжеты;Сервис, склад, спецтехника;500-5000;10;9;10;4;9;10;8;3;10;8.4;8.4;ПРОШЁЛ;;;
I14;TOOLS;Мебельный степлер пневматический и скобы;Обивщик, цех;3000-12000;10;9;9;6;7;9;8;6;9;8.35;8.35;ПРОШЁЛ;;;
X04;REPLACEMENT;Ножи и запчасти для кормораздатчиков и измельчителей;КФХ, ЛПХ;1000-9000;10;9;10;5;8;9;8;4;9;8.35;8.35;ПРОШЁЛ;;;
X11;REPLACEMENT;Ножи и запчасти для промышленных мясорубок и слайсеров;Общепит, мясопереработка;1500-12000;10;9;9;5;8;10;8;4;10;8.35;8.35;ПРОШЁЛ;;;
C10;CONSUM_PRO;Сосковая резина и расходка для доильных аппаратов;ЛПХ, малое КФХ;500-3000;10;10;10;3;8;10;8;3;10;8.3;8.3;ПРОШЁЛ;;;Расходник к уже проданной технике
C13;CONSUM_PRO;Смазки и техжидкости специализированные (не автомобильные);Производство, сервис;800-5000;10;10;10;3;9;9;8;3;10;8.3;8.3;ПРОШЁЛ;;;
W03;WAREHOUSE;Ремонтные комплекты для рохлей: ролики, сальники, вилки;Склад, сервис складской техники;800-6000;10;9;10;4;9;9;8;4;9;8.3;8.3;ПРОШЁЛ;;;Replacement parts к уже стоящей технике, вынужденный спрос
R01;B2B_CONSUM;Мешки для промышленных пылесосов и стружкоотсосов;Цех, клининг;500-4000;10;10;10;3;9;9;8;3;10;8.3;8.3;ПРОШЁЛ;;;
P09;PACKAGING;Подарочная упаковка и коробки премиум;Флорист, кондитер, магазин подарков;1000-8000;10;10;9;5;7;7;7;10;9;8.3;8.3;ПРОШЁЛ;;;Высокий визуал и наценка
K05;CRAFT;Оборудование для валяния, ткачества, вышивки;Хоббист, мастер;1500-15000;10;9;9;5;8;9;8;9;6;8.3;8.3;ПРОШЁЛ;;;
X08;REPLACEMENT;Запчасти для термопрессов: тефлон, нагреватели, пружины;Мастерская печати;600-6000;10;9;10;4;8;10;8;4;9;8.3;8.3;ПРОШЁЛ;;;
F02;FITTINGS;Крестовины и ролики для офисных кресел;Тот же;500-2500;10;8;10;4;9;10;8;6;7;8.25;8.25;ПРОШЁЛ;;;
I09;TOOLS;Инструмент для работы с кромкой (триммеры, цикли);Цех;1000-6000;10;9;9;5;8;10;8;6;6;8.25;8.25;ПРОШЁЛ;;;
C03;CONSUM_PRO;Сублимационные чернила и бумага;Мастерская печати;1500-8000;10;10;9;4;8;9;8;4;10;8.25;8.25;ПРОШЁЛ;;;
Z02;PETS;Косметика профессиональная для груминга канистрами;Груминг-салон;1500-9000;10;10;9;4;8;8;8;6;10;8.25;8.25;ПРОШЁЛ;;;
K10;CRAFT;Оборудование для свечного и мыловарного производства;Микробизнес, хоббист;2000-20000;10;9;9;5;8;8;8;9;7;8.25;8.25;ПРОШЁЛ;;;
I01;TOOLS;Мебельные кондукторы и шаблоны для присадки;Цех, частник-мебельщик;1500-8000;10;9;9;6;8;9;8;7;3;8.2;8.2;ПРОШЁЛ;;;Профильный инструмент, на МП представлен слабо
I12;TOOLS;Клепальники и оснастка для заклёпок;Мастерская, производство;2000-12000;10;9;9;6;7;9;8;6;6;8.2;8.2;ПРОШЁЛ;;;
C14;CONSUM_PRO;Фильтры для промышленных пылесосов и стружкоотсосов;Цех;1000-7000;10;10;9;4;8;9;8;3;10;8.2;8.2;ПРОШЁЛ;;;
B13;SMALLBIZ;Тату-оборудование и расходка;Тату-мастер, студия;2000-25000;10;10;8;4;7;10;8;7;9;8.2;8.2;ПРОШЁЛ;;;КОРРЕКТИРОВКА по факту: найдено 9+ профильных российских оптовиков с прямыми поставками от производителей, один позиционируется как крупнейший поставщик в РФ. Поле плотное, войти без истории нечем. Маржа 6 понижена до 4
Z06;PETS;Снаряжение для кинологов: шлейки, поводки, дрессировка;Кинолог, охотник, служебное;1500-9000;10;10;9;4;8;9;8;8;5;8.2;8.2;ПРОШЁЛ;;;
I11;TOOLS;Съёмники и специнструмент для авторемонта;Автосервис;2000-15000;10;10;8;6;7;9;8;6;5;8.15;8.15;ПРОШЁЛ;;;
B01;SMALLBIZ;Принтеры этикеток настольные;Склад, розница, ПВЗ, производство;6000-30000;10;8;8;6;8;10;8;6;7;8.15;8.15;ПРОШЁЛ;;;Драйвер - обязательная маркировка. Расходка даёт повтор
B04;SMALLBIZ;Ценникодержатели и системы ценников;Розница;300-3000;10;10;10;2;9;9;8;6;7;8.15;8.15;ПРОШЁЛ;;;
W04;WAREHOUSE;Колёса и ролики промышленные;Склад, производство, сервис;300-3000;10;9;10;3;9;9;8;4;9;8.15;8.15;ПРОШЁЛ;;;
Z11;PETS;Стрижка и копытная обработка КРС: инструмент;КФХ, ветеринар;3000-20000;10;10;8;6;7;9;8;5;6;8.15;8.15;ПРОШЁЛ;;;
O08;STORAGE;Кофры и кейсы для оборудования;Фотограф, музыкант, сервис;2000-15000;10;10;9;5;8;8;8;8;3;8.15;8.15;ПРОШЁЛ;;;
Q08;PROBLEM;Приборы контроля микроклимата для производств и складов;Склад, производство, аптека;2000-20000;10;9;9;6;7;10;8;5;4;8.15;8.15;ПРОШЁЛ;;;Требование хранения в аптеках и на складах
Q09;PROBLEM;Ортопедические и разгрузочные приспособления для рабочих;Производство, склад;1000-8000;10;10;9;4;8;9;8;6;6;8.15;8.15;ПРОШЁЛ;;;
X01;REPLACEMENT;Запчасти для офисных кресел в сборе (комплекты ремонта);Ремонтник, офис, частник;1200-5000;10;8;10;4;9;9;8;6;7;8.15;8.15;ПРОШЁЛ;;;Вынужденный спрос: кресло сломалось, замена дешевле покупки
X02;REPLACEMENT;Запчасти для рохлей и штабелёров: ролики, помпы, вилы;Склад, сервис;390-9000;10;9;10;3;9;9;8;4;9;8.15;8.15;ПРОШЁЛ;;;КОРРЕКТИРОВКА по факту: запчасти от 390 руб, более 500 позиций, минимум 5 профильных поставщиков со складом в Москве. Маржа 5 понижена до 3
X07;REPLACEMENT;Ремни, подшипники, приводные элементы для станков;Цех, сервис;500-6000;10;8;10;4;8;10;8;3;10;8.15;8.15;ПРОШЁЛ;;;
F01;FITTINGS;Газлифты для офисных кресел (100-140 мм, разные классы);Ремонтник кресел, офис-менеджер, частник;600-1800;10;7;10;4;9;10;8;6;7;8.1;8.1;ПРОШЁЛ;;;Ломается предсказуемо, замена без мастера, компактный
I08;TOOLS;Оснастка для ЧПУ: цанги, патроны, фрезы;ЧПУ-оператор, цех;250-3700;10;9;8;5;7;10;8;5;9;8.1;8.1;ПРОШЁЛ;;;КОРРЕКТИРОВКА по факту: цанга ER16 - 404 руб, ER11 - 620-1740 руб, набор 17 шт - 3710 руб. Чек ниже моей оценки, маржа 7 понижена до 5
V09;AUTO;Автохимия профессиональная канистрами;Автомойка, детейлинг;1500-9000;10;10;9;4;8;7;8;5;10;8.1;8.1;ПРОШЁЛ;;;B2B-объём отличается от розницы МП
B11;SMALLBIZ;Оборудование для маникюрных кабинетов: вытяжки, лампы;Мастер маникюра, салон;3000-20000;10;9;8;6;7;9;8;8;5;8.1;8.1;ПРОШЁЛ;;;
P01;PACKAGING;Крафт-пакеты и коробки с печатью логотипа;Интернет-магазин, кофейня, кондитер;1500-12000;10;10;9;4;7;7;7;8;10;8.1;8.1;ПРОШЁЛ;;;Печать даёт наценку и привязывает клиента к поставщику
X10;REPLACEMENT;Аккумуляторы и зарядные для складской и садовой техники;Склад, ЛПХ, сервис;2000-20000;10;10;8;5;8;8;8;5;8;8.1;8.1;ПРОШЁЛ;;;
A04;FURN_ACCESS;Подлокотники и столики-приставки для дивана;Частник;1500-6000;10;9;9;5;8;8;8;9;3;8.05;8.05;ПРОШЁЛ;;;
B07;SMALLBIZ;Профессиональные фены и машинки для груминга;Груминг-салон;5200-60650;10;10;8;5;7;9;8;7;5;8.05;8.05;ПРОШЁЛ;;;КОРРЕКТИРОВКА по факту: Codos CP-3880 - 5200 руб, CP-6800 - 6400 руб. У Andis есть официальный магазин бренда andisrussia.ru, то есть конкуренция идёт с официальным каналом. Маржа 7 понижена до 5
R09;B2B_CONSUM;Скотч и упаковочные ленты с логотипом;Интернет-магазин, склад;1500-9000;10;10;9;4;7;8;7;5;10;8.05;8.05;ПРОШЁЛ;;;Печать логотипа даёт наценку и привязку клиента
I06;TOOLS;Пневмоинструмент для мебельного производства (шпильковые пистолеты);Цех;4000-18000;10;8;8;7;7;9;8;7;4;8.0;8.0;ПРОШЁЛ;;;
G03;GARAGE;Системы хранения инструмента: перфопанели, держатели;Частник, мастерская;1500-9000;10;8;9;5;8;8;8;9;5;8.0;8.0;ПРОШЁЛ;;;
V10;AUTO;Инструмент и расходка для шиномонтажа;Шиномонтаж;2000-20000;10;9;8;6;7;8;8;5;8;8.0;8.0;ПРОШЁЛ;;;
R03;B2B_CONSUM;Химия для клининга профессиональная канистрами;Клининг, УК, ТСЖ;1500-9000;10;10;9;4;8;7;8;3;10;8.0;8.0;ПРОШЁЛ;;;B2B-объём, МП обслуживает розницу
P06;PACKAGING;Контейнеры пищевые для доставки с логотипом;Кафе, доставка, кондитер;2000-12000;10;10;9;4;7;6;7;8;10;8.0;8.0;ПРОШЁЛ;;;
A08;FURN_ACCESS;Чехлы на стулья для кафе и банкетов, партии;Кафе, банкетный зал, прокат;400-1500;10;10;8;4;7;9;7;8;6;7.95;7.95;ПРОШЁЛ;;;B2B-партия отличается от розницы МП
H04;HOME;Коврики придверные грязезащитные, партии;Офис, магазин, ТСЖ;800-6000;10;10;9;4;8;7;7;7;6;7.95;7.95;ПРОШЁЛ;;;B2B-партия отличается от розничного МП
B06;SMALLBIZ;Витрины настольные и подставки под товар;Розница, ярмарка;1000-8000;10;9;9;5;8;7;8;9;3;7.95;7.95;ПРОШЁЛ;;;
P05;PACKAGING;Термоусадочные пакеты и рукава пищевые;Пищевое микропроизводство;1000-7000;10;10;9;3;8;8;8;3;10;7.95;7.95;ПРОШЁЛ;;;
X06;REPLACEMENT;Тэны и термостаты для промышленного оборудования;Сервис, общепит, производство;800-7000;10;7;10;4;8;10;8;3;9;7.95;7.95;ПРОШЁЛ;;;
C07;CONSUM_PRO;Порошковые краски для полимерной окраски;Покрасочный участок;3000-15000;10;10;8;5;7;7;7;4;10;7.9;7.9;ПРОШЁЛ;;;
C08;CONSUM_PRO;Фильтроэлементы для промышленной аспирации;Цех деревообработки, металлообработки;2000-15000;10;9;8;6;7;7;8;3;10;7.9;7.9;ПРОШЁЛ;;;Меняются по регламенту, вынужденный повтор
C09;CONSUM_PRO;Клей-расплав для кромкооблицовки в гранулах;Мебельный цех;2000-12000;10;10;8;4;8;8;7;3;10;7.9;7.9;ПРОШЁЛ;;;
R04;B2B_CONSUM;Салфетки и материалы для клининга оптом;Клининг, отель;1000-7000;10;10;9;3;9;7;7;3;10;7.9;7.9;ПРОШЁЛ;;;
S10;SPORT;Судейское и разметочное оборудование для залов;Секция, школа;1500-12000;10;9;9;5;7;8;8;6;4;7.85;7.85;ПРОШЁЛ;;;
Y08;GIFT_VISUAL;Ежедневники и корпоративная канцелярия партиями;Компания;500-4000;10;10;9;3;7;8;7;7;7;7.85;7.85;ПРОШЁЛ;;;
B12;SMALLBIZ;Стерилизаторы и сухожары для салонов;Салон красоты, тату;6000-30000;10;9;7;7;7;8;8;6;3;7.8;7.8;ПРОШЁЛ;;;
K02;CRAFT;Плоттеры режущие настольные;Мастерская, рекламщик, хобби;15000-60000;10;8;6;7;7;9;8;8;5;7.8;7.8;ПРОШЁЛ;;;
Y02;GIFT_VISUAL;Корпоративные подарки с нанесением логотипа;Компания, отдел закупок;500-6000;9;10;8;5;6;8;7;9;7;7.8;7.8;ПРОШЁЛ;;;Нанесение даёт наценку, но это уже работа
F05;FITTINGS;Направляющие скрытого монтажа с доводчиком, комплект;Мебельный цех;700-2500;10;7;9;4;8;9;7;6;8;7.75;7.75;ПРОШЁЛ;;;
I04;TOOLS;Струбцины и ваймы для склейки, комплекты;Столяр, цех;1500-12000;10;9;8;6;7;7;7;7;4;7.75;7.75;ПРОШЁЛ;;;
B03;SMALLBIZ;Денежные ящики и аксессуары кассового узла;Розница, кафе;2000-9000;10;9;9;4;8;8;8;6;3;7.75;7.75;ПРОШЁЛ;;;
R11;B2B_CONSUM;Фильтры для промышленной вентиляции;Цех, ТЦ, ресторан;1500-12000;10;8;9;5;7;7;8;3;10;7.75;7.75;ПРОШЁЛ;;;
Z10;PETS;Инкубаторы и оборудование для птицеводства;ЛПХ, малое хозяйство;4000-25000;10;9;8;6;7;7;8;7;3;7.75;7.75;ПРОШЁЛ;;;
F12;FITTINGS;Кромка ПВХ и меламин в бухтах;Цех;800-4000;10;9;9;3;8;8;7;3;9;7.7;7.7;ПРОШЁЛ;;;Расходник, высокий повтор
G11;GARAGE;Верстачные тиски и струбцинные системы;Мастерская;3000-18000;10;9;8;6;7;7;8;7;2;7.7;7.7;ПРОШЁЛ;;;
P10;PACKAGING;Мешки полипропиленовые и биг-бэги;Фермер, стройка, переработка;1000-9000;10;10;9;3;8;6;7;3;10;7.7;7.7;ПРОШЁЛ;;;
X09;REPLACEMENT;Апгрейд-комплекты для ЧПУ: шпиндели, драйверы;ЧПУ-мастерская;3000-30000;10;6;8;7;7;9;8;6;5;7.7;7.7;ПРОШЁЛ;;;
X12;REPLACEMENT;Уплотнители и запчасти для холодильного оборудования;Магазин, общепит;1000-9000;10;7;9;4;8;9;8;3;9;7.7;7.7;ПРОШЁЛ;;;
F03;FITTINGS;Механизмы качания для кресел (топ-ган, мультиблок);Ремонтник кресел;900-3500;10;6;10;4;8;9;8;5;6;7.65;7.65;ПРОШЁЛ;;;
A10;FURN_ACCESS;Подсветка мебельная LED с датчиком, комплекты;Частник, цех;800-4000;10;6;9;4;8;9;8;9;5;7.65;7.65;ПРОШЁЛ;;;
G02;GARAGE;Тележки инструментальные с ящиками;Автосервис, мастерская;8000-45000;10;9;7;8;6;5;8;9;2;7.65;7.65;ПРОШЁЛ;;;Габарит, но высокий чек и понятный визуал
G05;GARAGE;Подкатные домкраты и стойки;Автосервис, частник;4000-25000;10;10;8;6;7;5;8;7;2;7.65;7.65;ПРОШЁЛ;;;
R08;B2B_CONSUM;Ветошь и обтирочные материалы в кипах;Производство, автосервис;1000-6000;10;10;9;3;8;6;7;2;10;7.65;7.65;ПРОШЁЛ;;;
O06;STORAGE;Архивные короба и системы хранения документов;Офис, бухгалтерия, архив;800-6000;10;10;9;3;8;6;7;4;8;7.65;7.65;ПРОШЁЛ;;;
G12;GARAGE;Маслосборники и оснастка для замены масла;Автосервис;3000-15000;10;9;8;6;7;6;8;6;3;7.6;7.6;ПРОШЁЛ;;;
F09;FITTINGS;Соединительная фурнитура для модульных диванов;Фабрика, сборщик;200-900;10;7;10;2;8;10;7;4;7;7.55;7.55;ПРОШЁЛ;;;
H02;HOME;Гладильные системы и доски профессиональные;Частник, ателье, отель;3000-15000;10;9;8;5;7;6;8;7;3;7.5;7.5;ПРОШЁЛ;;;
B05;SMALLBIZ;Торговые манекены и формы;Магазин одежды;1500-9000;10;9;8;5;7;5;7;10;2;7.45;7.45;ПРОШЁЛ;;;Габарит, но сильный визуал и МП не обслуживает
O01;STORAGE;Системы хранения в гардероб: штанги, корзины, модули;Частник, цех;1500-12000;10;6;9;5;7;7;8;9;4;7.45;7.45;ПРОШЁЛ;;;
F11;FITTINGS;Сушилки и системы хранения в шкаф (лифты, карго);Цех, частник;1500-8000;10;5;9;6;7;7;8;8;4;7.4;7.4;ПРОШЁЛ;;;
F18;FITTINGS;Фурнитура для стеклянных фасадов и витрин;Цех, торговое оборудование;500-3000;10;6;9;4;7;9;7;6;6;7.4;7.4;ПРОШЁЛ;;;
H11;HOME;Термостатические головки и радиаторные комплекты;Частник, монтажник;800-4000;10;5;10;3;8;10;8;5;5;7.4;7.4;ПРОШЁЛ;;;
V11;AUTO;Светодиодные балки и доп. свет для спецтехники;Владелец спецтехники, фермер;3000-18000;10;5;8;6;7;9;8;8;3;7.4;7.4;ПРОШЁЛ;;;
S09;SPORT;Инвентарь для настольного тенниса и бильярда;Клуб, кафе, частник;2000-20000;10;8;8;5;7;6;7;8;4;7.4;7.4;ПРОШЁЛ;;;
H08;HOME;Вытяжные и приточные клапаны, диффузоры;Частник, монтажник;400-2500;10;5;10;3;8;10;8;4;5;7.35;7.35;ПРОШЁЛ;;;
W07;WAREHOUSE;Тележки платформенные и грузовые;Склад, магазин, ЖКХ;3000-18000;10;9;8;5;7;5;7;7;3;7.35;7.35;ПРОШЁЛ;;;
Z03;PETS;Клетки и переноски для питомников;Заводчик, приют, ветклиника;2000-15000;10;9;8;5;7;5;7;7;3;7.35;7.35;ПРОШЁЛ;;;
W11;WAREHOUSE;Зеркала обзорные и системы безопасности склада;Склад, парковка;1500-9000;10;6;9;4;8;8;8;6;3;7.3;7.3;ПРОШЁЛ;;;
F10;FITTINGS;Профиль-ручки алюминиевые для фасадов, погонаж;Цех, частник;400-1500;10;7;9;3;8;6;7;7;6;7.25;7.25;ПРОШЁЛ;;;Длинномер осложняет доставку
A06;FURN_ACCESS;Держатели и кронштейны для ТВ на мебель;Частник;1000-5000;10;5;9;4;8;9;8;6;3;7.25;7.25;ПРОШЁЛ;;;
G08;GARAGE;Вытяжные катушки и шланги для гаража;Автосервис;3000-18000;10;6;8;6;7;7;8;6;3;7.25;7.25;ПРОШЁЛ;;;
F06;FITTINGS;Подъёмные механизмы для кроватей (газовые, комплект);Мебельный цех, частник;1500-5000;10;5;9;5;7;7;8;6;5;7.2;7.2;ПРОШЁЛ;;;
K01;CRAFT;Термопрессы плоские 38x38 для печати;Микробизнес, самозанятый;36000-71000;10;8;5;7;7;6;7;8;3;7.2;7.2;ПРОШЁЛ;;;Проверен в этапе 2: маржа тонкая, наценка дистрибьютора мала
O07;STORAGE;Системы хранения для гаража: подвесные, потолочные;Частник, гараж;2000-15000;10;6;8;6;7;6;7;8;3;7.2;7.2;ПРОШЁЛ;;;
I05;TOOLS;Заточное оборудование для инструмента;Мастерская;8000-40000;10;7;6;7;6;7;7;6;4;7.15;7.15;ПРОШЁЛ;;;
G04;GARAGE;Гаражные стеллажи металлические разборные;Частник, гараж, склад;3000-15000;10;7;8;5;7;6;7;7;3;7.15;7.15;ПРОШЁЛ;;;
B08;SMALLBIZ;Груминг-столы и ванны;Груминг-салон;12000-60000;10;8;6;8;6;4;7;8;2;7.15;7.15;ПРОШЁЛ;;;Габарит
W01;WAREHOUSE;Гидравлические тележки (рохли) 2-2,5 т;Склад, ПВЗ, оптовая база;12000-20000;10;10;7;4;8;5;6;6;2;7.15;7.15;ПРОШЁЛ;;;Проверена в этапе 2: маржа 2 340 руб, нужен остаток под срочность
S07;SPORT;Оборудование для скалолазания: зацепы, панели;Скалодром, секция;3000-25000;10;5;8;6;6;7;7;9;4;7.15;7.15;ПРОШЁЛ;;;
A03;FURN_ACCESS;Ортопедические основания под матрас разборные;Частник, хостел;3000-12000;10;6;8;6;7;5;8;6;3;7.05;7.05;ПРОШЁЛ;;;
W05;WAREHOUSE;Стеллажи полочные разборные для склада и ПВЗ;Склад, ПВЗ;3000-16000;10;7;8;5;7;5;7;6;3;7.0;7.0;ПРОШЁЛ;;;
S02;SPORT;Боксёрские мешки и груши;Клуб, частник;4000-25000;10;6;8;6;7;4;7;9;2;7.0;7.0;ПРОШЁЛ;;;
G01;GARAGE;Верстаки разборные для гаража и мастерской;Частник, мастерская;8000-35000;10;6;7;7;6;5;7;8;2;6.95;6.95;ПРОШЁЛ;;;
W10;WAREHOUSE;Противоскользящие и защитные покрытия для склада;Склад;2000-15000;10;6;8;5;7;6;7;5;4;6.95;6.95;ПРОШЁЛ;;;
Q07;PROBLEM;Шумоизоляция для квартир и авто, материалы;Частник, автосервис;1500-12000;10;5;9;5;7;6;8;5;3;6.95;6.95;ПРОШЁЛ;;;
A09;FURN_ACCESS;Мебельные щиты и полки готовых размеров;Частник, цех;800-4000;9;7;9;4;7;5;7;6;5;6.9;6.9;ПРОШЁЛ;;;
W02;WAREHOUSE;Штабелёры ручные 1-1,5 т;Склад;39000-103000;10;9;4;8;6;4;7;6;2;6.9;6.9;ПРОШЁЛ;;;Канал не Авито по этапу 2
O04;STORAGE;Полки и стеллажи для кладовой и балкона;Частник;2000-12000;10;6;8;5;7;5;7;7;3;6.9;6.9;ПРОШЁЛ;;;
F08;FITTINGS;Механизмы трансформации диванов (еврокнижка, клик-кляк);Фабрика мягкой мебели;1500-6000;10;5;8;5;6;7;5;5;6;6.8;6.8;ПРОШЁЛ;;;Проверялась в этапе 2, закупочных цен не найдено
B14;SMALLBIZ;Оборудование для ПВЗ: стойки выдачи, примерочные;Открывающийся ПВЗ;8000-40000;10;6;7;7;6;4;7;7;2;6.8;6.8;ПРОШЁЛ;;;Канал провален в этапе 2, товар чистый
S06;SPORT;Спортивные маты и покрытия для детских секций;Секция, школа, ДЮСШ;6000-40000;10;7;6;7;6;3;7;8;2;6.75;6.75;ПРОШЁЛ;;;
V07;AUTO;Оборудование для коммерческого транспорта: полки в фургон;Курьер, сервисная служба, ИП;8000-40000;9;5;7;8;6;4;7;7;2;6.6;6.6;ПРОШЁЛ;;;B2B-сегмент, МП не обслуживает
F13;FITTINGS;Сборные каркасы для мягкой мебели;Фабрика;3000-12000;10;5;7;6;6;5;6;5;4;6.55;6.55;ПРОШЁЛ;;;
K04;CRAFT;Наборы для эпоксидной смолы и молды;Хоббист, мастер;1000-8000;10;10;10;4;9;9;8;10;8;8.7;8.7;ОТСЕЯН;RF-MP;массово на маркетплейсах по цене, ниже которой перепродавать нечего;
K08;CRAFT;Фурнитура для рукоделия и бижутерии оптом;Мастер, хоббист;500-5000;10;10;10;3;9;10;8;9;9;8.65;8.65;ОТСЕЯН;RF-MP;массово на маркетплейсах по цене, ниже которой перепродавать нечего;
I10;TOOLS;Наборы бит и головок промышленного класса;Мастерская, сервис;1500-9000;10;10;9;4;9;10;8;6;8;8.45;8.45;ОТСЕЯН;RF-MP;массово на маркетплейсах по цене, ниже которой перепродавать нечего;
K12;CRAFT;Профессиональные краски и материалы для художников;Художник, студия;1000-9000;10;10;9;4;8;9;8;9;9;8.45;8.45;ОТСЕЯН;RF-MP;массово на маркетплейсах по цене, ниже которой перепродавать нечего;
C04;CONSUM_PRO;ДТФ-плёнка и порошок;Печатное производство;563-15000;10;10;9;5;8;9;8;4;10;8.4;8.4;ОТСЕЯН;RF-MP;массово на маркетплейсах по цене, ниже которой перепродавать нечего;КОРРЕКТИРОВКА по факту: Ozon держит отдельную категорию DTF-плёнка. Добавлен RF-MP. При этом повтор подтверждён: месяц работы принтера - чернила от 10 тыс, плёнка от 15 тыс, клей от 8 тыс
B10;SMALLBIZ;Кофейное оборудование: темперы, питчеры, аксессуары;Кофейня;1000-8000;10;10;9;4;8;10;8;9;6;8.4;8.4;ОТСЕЯН;RF-MP;массово на маркетплейсах по цене, ниже которой перепродавать нечего;
R07;B2B_CONSUM;Картриджи и тонеры для офисной техники;Офис, копицентр;800-6000;10;10;10;3;9;10;8;3;10;8.4;8.4;ОТСЕЯН;RF-MP;массово на маркетплейсах по цене, ниже которой перепродавать нечего;
Z08;PETS;Ветеринарные расходники: шприцы, катетеры, перевязка;Ветклиника, заводчик;800-6000;10;10;10;3;9;10;8;3;10;8.4;8.4;ОТСЕЯН;RF-LICENSE;лицензирование, обязательная маркировка или личная ответственность;
S05;SPORT;Резинки, петли, оборудование для функционального тренинга;Частник, тренер;800-6000;10;10;10;3;9;10;8;8;5;8.4;8.4;ОТСЕЯН;RF-MP;массово на маркетплейсах по цене, ниже которой перепродавать нечего;
U05;RAW_HYPOTHESIS;Брендовые аксессуары и реплики;Частник;1000-15000;10;10;8;6;8;10;7;10;3;8.4;8.4;ОТСЕЯН;RF-LICENSE,RF-ILLIQUID;"лицензирование, обязательная маркировка или личная ответственность; высокая вероятность неликвида";Реплики - нарушение прав на товарный знак, риск блокировки и ответственности
Y06;GIFT_VISUAL;Наборы для выращивания и флорариумы;Частник, подарок;500-4000;10;10;10;3;9;9;8;10;4;8.35;8.35;ОТСЕЯН;RF-MP,RF-ILLIQUID;"массово на маркетплейсах по цене, ниже которой перепродавать нечего; высокая вероятность неликвида";Живой товар, срок годности
A12;FURN_ACCESS;Тканевые корзины и кофры под системы хранения;Частник;500-2500;10;10;10;3;9;9;8;8;5;8.3;8.3;ОТСЕЯН;RF-MP;массово на маркетплейсах по цене, ниже которой перепродавать нечего;
W08;WAREHOUSE;Стропы, ремни стяжные, такелаж;Склад, перевозчик;500-5000;10;10;10;3;9;9;8;5;8;8.3;8.3;ОТСЕЯН;RF-LICENSE;лицензирование, обязательная маркировка или личная ответственность;Стропы - ответственность за нагрузку
K03;CRAFT;Заготовки под сублимацию: кружки, футболки, чехлы;Мастерская печати;300-3000;10;10;10;2;9;8;8;8;10;8.3;8.3;ОТСЕЯН;RF-MP;массово на маркетплейсах по цене, ниже которой перепродавать нечего;Ozon дешевле, чем берут мастерские
Y05;GIFT_VISUAL;Настольные игры и головоломки;Частник, подарок;800-5000;10;10;10;3;9;9;8;9;4;8.3;8.3;ОТСЕЯН;RF-MP;массово на маркетплейсах по цене, ниже которой перепродавать нечего;
U02;RAW_HYPOTHESIS;Бижутерия и украшения под золото;Частник;300-3000;10;10;10;2;9;10;8;10;4;8.3;8.3;ОТСЕЯН;RF-MP,RF-ILLIQUID;"массово на маркетплейсах по цене, ниже которой перепродавать нечего; высокая вероятность неликвида";Без стоп-флагов регулирования, но ценовая война на МП и мода
A01;FURN_ACCESS;Чехлы на диваны и кресла по типоразмерам;Частник;1500-6000;10;10;9;4;9;9;7;9;4;8.25;8.25;ОТСЕЯН;RF-MP;массово на маркетплейсах по цене, ниже которой перепродавать нечего;
A05;FURN_ACCESS;Организаторы в ящики и разделители;Частник;400-2000;10;10;10;2;9;10;8;8;5;8.25;8.25;ОТСЕЯН;RF-MP;массово на маркетплейсах по цене, ниже которой перепродавать нечего;
K11;CRAFT;Наборы для алмазной мозаики и творчества;Частник, подарок;500-3000;10;10;10;2;9;10;8;9;4;8.25;8.25;ОТСЕЯН;RF-MP;массово на маркетплейсах по цене, ниже которой перепродавать нечего;
O03;STORAGE;Вакуумные пакеты для хранения вещей;Частник;500-2500;10;10;10;2;9;10;8;8;5;8.25;8.25;ОТСЕЯН;RF-MP;массово на маркетплейсах по цене, ниже которой перепродавать нечего;
Q04;PROBLEM;Средства от грызунов и насекомых профессиональные;УК, склад, общепит;800-8000;10;10;9;4;8;9;8;4;10;8.25;8.25;ОТСЕЯН;RF-LICENSE;лицензирование, обязательная маркировка или личная ответственность;
Y01;GIFT_VISUAL;Наборы для бариста и чайные наборы подарочные;Частник, корпоративный подарок;1500-9000;10;10;9;4;8;9;8;10;4;8.25;8.25;ОТСЕЯН;RF-MP;массово на маркетплейсах по цене, ниже которой перепродавать нечего;
U08;RAW_HYPOTHESIS;Парфюмерия и косметика на перепродажу;Частник;1000-12000;10;10;8;4;8;10;7;9;7;8.25;8.25;ОТСЕЯН;RF-MP,RF-LICENSE;"массово на маркетплейсах по цене, ниже которой перепродавать нечего; лицензирование, обязательная маркировка или личная ответственность";Обязательная маркировка Честный знак плюс ценовая война на МП
F16;FITTINGS;Опоры-колёса для мебели с тормозом, комплекты;Цех, частник;400-2000;10;9;10;3;9;10;8;6;6;8.2;8.2;ОТСЕЯН;RF-MP;массово на маркетплейсах по цене, ниже которой перепродавать нечего;
A02;FURN_ACCESS;Наматрасники и защитные чехлы для матрасов;Частник, хостел, отель;1200-5000;10;10;9;4;9;9;7;7;5;8.2;8.2;ОТСЕЯН;RF-MP;массово на маркетплейсах по цене, ниже которой перепродавать нечего;
P04;PACKAGING;Зип-пакеты и вакуумные пакеты партиями;Фасовщик, кондитер, интернет-магазин;500-4000;10;10;10;2;9;9;8;4;10;8.2;8.2;ОТСЕЯН;RF-MP;массово на маркетплейсах по цене, ниже которой перепродавать нечего;
A07;FURN_ACCESS;Накладки и protectors на углы мебели для детей;Родитель;300-1200;10;10;10;2;9;10;8;7;4;8.15;8.15;ОТСЕЯН;RF-MP;массово на маркетплейсах по цене, ниже которой перепродавать нечего;
I07;TOOLS;Измерительный инструмент профессиональный (лазерные дальномеры, угольники);Мастер, цех;2000-15000;10;10;8;5;8;10;8;7;3;8.15;8.15;ОТСЕЯН;RF-MP;массово на маркетплейсах по цене, ниже которой перепродавать нечего;
I13;TOOLS;Термопистолеты и промышленные фены;Мастерская;2000-10000;10;10;9;4;8;10;8;6;4;8.15;8.15;ОТСЕЯН;RF-MP;массово на маркетплейсах по цене, ниже которой перепродавать нечего;
V02;AUTO;Органайзеры и сетки в багажник;Автовладелец;500-2500;10;10;10;2;9;10;8;8;3;8.15;8.15;ОТСЕЯН;RF-MP;массово на маркетплейсах по цене, ниже которой перепродавать нечего;
B02;SMALLBIZ;Сканеры штрихкода проводные и беспроводные;Розница, склад, ПВЗ;2000-15000;10;9;9;5;8;10;8;6;4;8.15;8.15;ОТСЕЯН;RF-MP;массово на маркетплейсах по цене, ниже которой перепродавать нечего;
B09;SMALLBIZ;Барное оборудование малое: шейкеры, станции;Кафе, бар;1500-12000;10;10;9;4;8;9;8;8;4;8.15;8.15;ОТСЕЯН;RF-MP;массово на маркетплейсах по цене, ниже которой перепродавать нечего;
O05;STORAGE;Органайзеры для инструмента и метизов;Мастерская, частник;800-6000;10;10;9;4;8;8;8;9;5;8.15;8.15;ОТСЕЯН;RF-MP;массово на маркетплейсах по цене, ниже которой перепродавать нечего;
Y04;GIFT_VISUAL;Декоративные светильники и ночники;Частник, подарок;800-5000;10;9;10;3;9;9;8;10;3;8.15;8.15;ОТСЕЯН;RF-MP;массово на маркетплейсах по цене, ниже которой перепродавать нечего;
F15;FITTINGS;Полкодержатели, конфирматы, эксцентрики - фурнитурный набор;Цех, сборщик;300-2000;10;9;10;2;9;10;8;4;9;8.1;8.1;ОТСЕЯН;RF-MP;массово на маркетплейсах по цене, ниже которой перепродавать нечего;
G10;GARAGE;Ящики и кейсы для инструмента ударопрочные;Мастер, выездной сервис;1500-9000;10;10;9;4;9;8;8;8;3;8.1;8.1;ОТСЕЯН;RF-MP;массово на маркетплейсах по цене, ниже которой перепродавать нечего;
F07;FITTINGS;Опоры и ножки мебельные регулируемые, комплекты;Цех, частник;300-1500;10;8;10;3;9;10;8;6;6;8.05;8.05;ОТСЕЯН;RF-MP;массово на маркетплейсах по цене, ниже которой перепродавать нечего;
C06;CONSUM_PRO;Сварочные расходники: проволока, электроды, сопла;Сварщик, цех;1500-9000;10;10;9;3;9;8;8;3;10;8.05;8.05;ОТСЕЯН;RF-MP;массово на маркетплейсах по цене, ниже которой перепродавать нечего;
V12;AUTO;Пусковые устройства и зарядные для АКБ;Автовладелец, сервис;3000-20000;10;10;8;5;8;9;8;7;3;8.05;8.05;ОТСЕЯН;RF-MP;массово на маркетплейсах по цене, ниже которой перепродавать нечего;
U03;RAW_HYPOTHESIS;Часы наручные на перепродажу;Частник;2000-30000;10;10;7;5;8;10;7;10;2;8.05;8.05;ОТСЕЯН;RF-ILLIQUID;высокая вероятность неликвида;Высокий риск подделок и репутационный риск продавца
H12;HOME;Бельевые корзины и системы сортировки;Частник;800-3500;10;10;10;3;9;7;8;8;3;8.0;8.0;ОТСЕЯН;RF-MP;массово на маркетплейсах по цене, ниже которой перепродавать нечего;
R02;B2B_CONSUM;Перчатки рабочие и СИЗ партиями;Производство, склад, стройка;800-8000;10;10;9;3;9;8;7;3;10;8.0;8.0;ОТСЕЯН;RF-MP;массово на маркетплейсах по цене, ниже которой перепродавать нечего;
R06;B2B_CONSUM;Бумага для кассовых аппаратов и терминалов;Розница, кафе, ПВЗ;400-3000;10;10;10;2;9;8;8;2;10;8.0;8.0;ОТСЕЯН;RF-MP;массово на маркетплейсах по цене, ниже которой перепродавать нечего;
Q01;PROBLEM;Антивибрационные подставки под стиральные машины;Частник;800-4000;10;10;10;3;9;8;8;6;3;8.0;8.0;ОТСЕЯН;RF-MP;массово на маркетплейсах по цене, ниже которой перепродавать нечего;
Y03;GIFT_VISUAL;Наборы для барбекю и пикника;Частник, подарок;2000-12000;10;10;9;4;8;7;8;10;3;8.0;8.0;ОТСЕЯН;RF-MP,RF-ILLIQUID;"массово на маркетплейсах по цене, ниже которой перепродавать нечего; высокая вероятность неликвида";Сезонность
Z05;PETS;Автокормушки и поилки;Частник;1500-8000;10;9;9;3;9;9;8;8;3;7.9;7.9;ОТСЕЯН;RF-MP;массово на маркетплейсах по цене, ниже которой перепродавать нечего;
S08;SPORT;Экипировка для хоккея и фигурного катания;Родитель, секция;3000-25000;10;10;8;5;7;7;7;8;6;7.9;7.9;ОТСЕЯН;RF-ILLIQUID;высокая вероятность неликвида;Размерность и сезон
V01;AUTO;Коврики салонные EVA по моделям авто;Автовладелец;2000-7000;10;10;8;4;8;8;7;9;3;7.85;7.85;ОТСЕЯН;RF-MP,RF-ILLIQUID;"массово на маркетплейсах по цене, ниже которой перепродавать нечего; высокая вероятность неликвида";Размерность по моделям даёт неликвид
Z04;PETS;Лежанки и домики для животных;Частник;800-5000;10;10;9;3;9;7;7;9;3;7.85;7.85;ОТСЕЯН;RF-MP,RF-ILLIQUID;"массово на маркетплейсах по цене, ниже которой перепродавать нечего; высокая вероятность неликвида";Размерность и мода
Y07;GIFT_VISUAL;Постеры, рамы и интерьерный декор;Частник, дизайнер;800-6000;10;9;9;4;8;7;8;10;3;7.85;7.85;ОТСЕЯН;RF-MP,RF-ILLIQUID;"массово на маркетплейсах по цене, ниже которой перепродавать нечего; высокая вероятность неликвида";Мода и вкусовщина
C11;CONSUM_PRO;Плёнка стрейч и термоусадочная для упаковки;Фасовщик, склад;1200-6000;10;10;9;3;9;6;7;3;10;7.8;7.8;ОТСЕЯН;RF-MP;массово на маркетплейсах по цене, ниже которой перепродавать нечего;Объём при низкой марже
B15;SMALLBIZ;Весы торговые и складские;Розница, склад, фасовка;3000-25000;10;9;8;6;7;8;8;6;3;7.8;7.8;ОТСЕЯН;RF-LICENSE;лицензирование, обязательная маркировка или личная ответственность;Требуют поверки
P07;PACKAGING;Стрейч-плёнка машинная и ручная;Склад, фасовка;1200-6000;10;10;9;3;9;6;7;3;10;7.8;7.8;ОТСЕЯН;RF-MP;массово на маркетплейсах по цене, ниже которой перепродавать нечего;
F04;FITTINGS;Петли скрытые (Blum-совместимые) с доводчиком;Мебельный цех, частник после ремонта;150-600;10;7;10;2;9;10;7;5;8;7.75;7.75;ОТСЕЯН;RF-MP;массово на маркетплейсах по цене, ниже которой перепродавать нечего;Массово на МП, ценовая война
R10;B2B_CONSUM;Спецодежда рабочая партиями;Производство, стройка;2000-15000;10;10;8;4;7;7;7;6;8;7.75;7.75;ОТСЕЯН;RF-ILLIQUID;высокая вероятность неликвида;Размерность
Q10;PROBLEM;Противопожарное оснащение: огнетушители, знаки, шкафы;Магазин, офис, ПВЗ, склад;1000-9000;10;8;9;4;8;8;8;5;7;7.75;7.75;ОТСЕЯН;RF-LICENSE;лицензирование, обязательная маркировка или личная ответственность;Требование к ПВЗ и торговым точкам, но регулирование
F14;FITTINGS;Замки и системы push-to-open;Цех, частник;150-800;10;7;10;2;9;10;7;5;7;7.7;7.7;ОТСЕЯН;RF-MP;массово на маркетплейсах по цене, ниже которой перепродавать нечего;
A11;FURN_ACCESS;Крепления и подвесы для навесных шкафов;Цех, сборщик;300-1500;10;7;10;2;9;10;8;4;7;7.7;7.7;ОТСЕЯН;RF-MP;массово на маркетплейсах по цене, ниже которой перепродавать нечего;
O02;STORAGE;Контейнеры и боксы для хранения бытовые;Частник;400-3000;10;10;10;2;9;5;7;8;5;7.7;7.7;ОТСЕЯН;RF-MP,RF-ILLIQUID;"массово на маркетплейсах по цене, ниже которой перепродавать нечего; высокая вероятность неликвида";
H07;HOME;Системы очистки воды под мойку (картриджи и колбы);Частник;800-4000;10;6;10;3;8;9;8;5;9;7.65;7.65;ОТСЕЯН;RF-MP;массово на маркетплейсах по цене, ниже которой перепродавать нечего;Картриджи - расходник, но МП давит ценой
G09;GARAGE;Освещение мастерской: светильники, переноски;Мастерская, гараж;800-6000;10;7;9;4;8;9;8;7;4;7.65;7.65;ОТСЕЯН;RF-MP;массово на маркетплейсах по цене, ниже которой перепродавать нечего;
Z09;PETS;Аквариумное оборудование: фильтры, компрессоры, свет;Аквариумист, зоомагазин;1500-12000;10;7;9;4;8;7;8;9;6;7.65;7.65;ОТСЕЯН;RF-MP;массово на маркетплейсах по цене, ниже которой перепродавать нечего;
R05;B2B_CONSUM;Мешки для мусора промышленные и пакеты;УК, клининг, торговля;800-6000;10;10;9;2;9;6;7;2;10;7.6;7.6;ОТСЕЯН;RF-MP,RF-ILLIQUID;"массово на маркетплейсах по цене, ниже которой перепродавать нечего; высокая вероятность неликвида";
Q03;PROBLEM;Осушители воздуха бытовые и для гаража;Частник, гараж, склад;5000-30000;10;10;7;6;7;6;7;7;3;7.6;7.6;ОТСЕЯН;RF-MP;массово на маркетплейсах по цене, ниже которой перепродавать нечего;
G07;GARAGE;Мойки высокого давления и аксессуары;Частник, автомойка;6000-40000;10;9;7;6;7;6;7;8;4;7.55;7.55;ОТСЕЯН;RF-MP;массово на маркетплейсах по цене, ниже которой перепродавать нечего;
W06;WAREHOUSE;Пластиковые контейнеры и лотки складские;Склад, производство;300-3000;10;10;9;2;9;5;7;6;7;7.55;7.55;ОТСЕЯН;RF-ILLIQUID;высокая вероятность неликвида;Объём при низкой цене
P02;PACKAGING;Гофрокороба стандартных размеров;Интернет-магазин, склад;1000-8000;10;10;9;2;9;5;7;3;10;7.55;7.55;ОТСЕЯН;RF-MP,RF-ILLIQUID;"массово на маркетплейсах по цене, ниже которой перепродавать нечего; высокая вероятность неликвида";Воздух в кузове
P03;PACKAGING;Воздушно-пузырьковая плёнка и упаковочные материалы;Интернет-магазин, переезд;800-6000;10;10;9;2;9;5;7;3;10;7.55;7.55;ОТСЕЯН;RF-ILLIQUID;высокая вероятность неликвида;
K09;CRAFT;3D-принтеры настольные и филамент;Хоббист, микропроизводство;20000-90000;10;8;5;6;7;8;7;8;8;7.5;7.5;ОТСЕЯН;RF-MP;массово на маркетплейсах по цене, ниже которой перепродавать нечего;
U06;RAW_HYPOTHESIS;Электроника б/у и восстановленная;Частник;3000-40000;9;9;6;6;8;10;4;8;2;7.45;7.45;ОТСЕЯН;RF-ILLIQUID;высокая вероятность неликвида;Каждая единица уникальна по состоянию, гарантия на продавце
H10;HOME;Сифоны, гибкая подводка, сантехнические комплекты;Частник, сантехник;300-2000;10;5;10;2;9;10;8;4;7;7.4;7.4;ОТСЕЯН;RF-MP;массово на маркетплейсах по цене, ниже которой перепродавать нечего;
H06;HOME;Дверная фурнитура: ручки, замки, доводчики;Частник, УК;800-6000;10;5;9;4;8;9;8;6;5;7.35;7.35;ОТСЕЯН;RF-MP;массово на маркетплейсах по цене, ниже которой перепродавать нечего;
G06;GARAGE;Компрессоры малые для гаража;Частник, мастерская;8000-35000;10;9;7;7;6;5;7;7;2;7.35;7.35;ОТСЕЯН;RF-MP;массово на маркетплейсах по цене, ниже которой перепродавать нечего;
S04;SPORT;Гантели, гири, диски для дома;Частник;2000-15000;10;10;8;4;8;3;7;7;3;7.25;7.25;ОТСЕЯН;RF-MP,RF-ILLIQUID;"массово на маркетплейсах по цене, ниже которой перепродавать нечего; высокая вероятность неликвида";Вес убивает логистику
Q05;PROBLEM;Обогреватели для теплиц и подсобных помещений;Фермер, дачник;3000-20000;10;7;8;5;7;7;8;6;3;7.25;7.25;ОТСЕЯН;RF-ILLIQUID;высокая вероятность неликвида;Сезонность
H01;HOME;Сушилки для белья потолочные и настенные;Частник;900-4000;10;5;10;3;8;8;8;7;3;7.2;7.2;ОТСЕЯН;RF-MP;массово на маркетплейсах по цене, ниже которой перепродавать нечего;
V06;AUTO;Чехлы на сиденья модельные;Автовладелец;3000-12000;10;6;8;5;7;8;7;8;2;7.2;7.2;ОТСЕЯН;RF-ILLIQUID;высокая вероятность неликвида;
U01;RAW_HYPOTHESIS;Ювелирные изделия и золото на перепродажу;Частник;10000-200000;10;10;2;7;6;10;3;10;2;7.2;7.2;ОТСЕЯН;RF-CAPITAL,RF-LICENSE,RF-ILLIQUID;"стартовый капитал выше бюджета проекта; лицензирование, обязательная маркировка или личная ответственность; высокая вероятность неликвида";Три стоп-флага сразу: оборот ДМДК требует регистрации в ГИИС и спецучёта, капитал в товаре высокий, размерность и проба дают неликвид
Z12;PETS;Наполнители и корма оптом;Зоомагазин, приют;2000-15000;10;10;8;2;8;4;6;3;10;7.15;7.15;ОТСЕЯН;RF-ILLIQUID,RF-MP;"высокая вероятность неликвида; массово на маркетплейсах по цене, ниже которой перепродавать нечего";96% рынка кормов - отечественные бренды, конкуренция с производителями
Q02;PROBLEM;Защита от протечек: датчики и краны с приводом;Частник;3000-20000;10;4;8;6;7;9;8;6;3;7.15;7.15;ОТСЕЯН;RF-INSTALL;без монтажа или выезда товар не продаётся;
V08;AUTO;Тахографы и расходка к ним;Перевозчик;3000-25000;10;4;7;7;6;9;8;4;6;7.1;7.1;ОТСЕЯН;RF-LICENSE;лицензирование, обязательная маркировка или личная ответственность;Требует поверки и регистрации
Q06;PROBLEM;Системы против наледи и обогрев труб (греющий кабель);Частник, УК;1500-12000;10;4;9;5;7;9;8;4;4;7.1;7.1;ОТСЕЯН;RF-INSTALL;без монтажа или выезда товар не продаётся;
H03;HOME;Москитные сетки готовых типоразмеров;Частник;800-3500;10;6;9;3;8;7;7;6;4;7.05;7.05;ОТСЕЯН;RF-MP;массово на маркетплейсах по цене, ниже которой перепродавать нечего;
U07;RAW_HYPOTHESIS;Антиквариат и винтаж;Коллекционер, дизайнер;2000-100000;10;10;5;7;4;7;2;10;1;7.05;7.05;ОТСЕЯН;RF-ILLIQUID,RF-LICENSE;"высокая вероятность неликвида; лицензирование, обязательная маркировка или личная ответственность";Оборот культурных ценностей регулируется, срок реализации непредсказуем
K06;CRAFT;Гончарное оборудование: круги, печи малые;Студия, хоббист;15000-90000;10;7;5;8;6;4;7;9;3;6.95;6.95;ОТСЕЯН;RF-CAPITAL;стартовый капитал выше бюджета проекта;
H05;HOME;Ролеты и рулонные шторы готовых размеров;Частник;1000-5000;9;5;9;4;7;8;7;8;3;6.9;6.9;ОТСЕЯН;RF-MP;массово на маркетплейсах по цене, ниже которой перепродавать нечего;
V05;AUTO;Автобоксы и багажники на крышу;Автовладелец, прокат;10000-45000;10;7;6;7;6;4;7;9;2;6.9;6.9;ОТСЕЯН;RF-ILLIQUID;высокая вероятность неликвида;Сезонность и габарит
B16;SMALLBIZ;Тепловые завесы и сушилки для рук;Магазин, кафе, офис;4000-25000;10;4;8;6;7;7;8;6;2;6.9;6.9;ОТСЕЯН;RF-INSTALL;без монтажа или выезда товар не продаётся;
S01;SPORT;Татами и покрытия для залов единоборств;Клуб, секция, школа;15000-90000;10;7;5;9;5;3;7;8;2;6.8;6.8;ОТСЕЯН;RF-CAPITAL;стартовый капитал выше бюджета проекта;Высший балл товарной матрицы этапа 1, но капитал
U04;RAW_HYPOTHESIS;Инвестиционные монеты и слитки;Частник;20000-300000;10;10;1;5;7;10;3;8;2;6.75;6.75;ОТСЕЯН;RF-CAPITAL,RF-LICENSE;"стартовый капитал выше бюджета проекта; лицензирование, обязательная маркировка или личная ответственность";
Z07;PETS;Оборудование для дрессировочных площадок и аджилити;Клуб, площадка;10000-60000;10;6;6;8;5;3;7;9;2;6.7;6.7;ОТСЕЯН;RF-CAPITAL;стартовый капитал выше бюджета проекта;
V04;AUTO;Защита картера по моделям;Автовладелец;3000-12000;10;4;8;5;7;6;7;6;2;6.6;6.6;ОТСЕЯН;RF-INSTALL,RF-ILLIQUID;"без монтажа или выезда товар не продаётся; высокая вероятность неликвида";
H09;HOME;Мебель для прихожей в разборе (модули);Частник;3000-15000;10;6;7;5;6;4;7;8;2;6.55;6.55;ОТСЕЯН;RF-ILLIQUID;высокая вероятность неликвида;
W12;WAREHOUSE;Рампы и мостики погрузочные малые;Склад;15000-80000;10;7;5;8;5;3;7;6;2;6.55;6.55;ОТСЕЯН;RF-CAPITAL;стартовый капитал выше бюджета проекта;
F17;FITTINGS;Столешницы-слэбы из массива под столы;Частник, дизайнер;8000-40000;8;7;5;8;5;4;6;10;2;6.4;6.4;ОТСЕЯН;RF-ILLIQUID;высокая вероятность неликвида;Каждый слэб уникален, размерность даёт неликвид
V03;AUTO;Фаркопы по моделям авто;Автовладелец;6000-25000;10;3;7;7;6;5;7;6;2;6.4;6.4;ОТСЕЯН;RF-INSTALL,RF-ILLIQUID;"без монтажа или выезда товар не продаётся; высокая вероятность неликвида";Установка почти всегда и размерность
